cell_id,test_id,channel,barcode,source_category,mapping_count,batch_id,table9_status,mapping_result
b1c5,5c86c266fa2ede00015de0f7,7,EL150800464883,official_cycle_life_eol_candidate,1,5c86c0b5fa2ede00015ddf67,true,PASS
b1c6,5c86c16ffa2ede00015de025,10,EL150800463886,official_cycle_life_eol_candidate,1,5c86c0b5fa2ede00015ddf67,true,PASS
b1c7,5c86c277fa2ede00015de10b,9,EL150800465027,official_cycle_life_eol_candidate,1,5c86c0b5fa2ede00015ddf67,true,PASS
b1c8,5c86c1cffa2ede00015de075,13,EL150800463980,known_early_terminated,1,5c86c0b5fa2ede00015ddf67,not_listed,PASS
b1c9,5c86c22afa2ede00015de0bb,20,EL150800460468,official_cycle_life_eol_candidate,1,5c86c0b5fa2ede00015ddf67,true,PASS
b1c10,5c86c179fa2ede00015de02f,19,EL150800464898,known_early_terminated,1,5c86c0b5fa2ede00015ddf67,not_listed,PASS
b1c11,5c86c29efa2ede00015de133,14,EL150800463882,official_cycle_life_eol_candidate,1,5c86c0b5fa2ede00015ddf67,true,PASS
b1c12,5c86c1dafa2ede00015de07f,21,EL150800460472,known_early_terminated,1,5c86c0b5fa2ede00015ddf67,not_listed,PASS
b1c13,5c86c108fa2ede00015ddfb7,22,EL150800460658,known_early_terminated,1,5c86c0b5fa2ede00015ddf67,not_listed,PASS
b1c14,5c86c21dfa2ede00015de0b1,15,EL150800463838,official_cycle_life_eol_candidate,1,5c86c0b5fa2ede00015ddf67,true,PASS
b1c15,5c86c283fa2ede00015de115,16,EL150800453113,official_cycle_life_eol_candidate,1,5c86c0b5fa2ede00015ddf67,true,PASS
b1c16,5c86c133fa2ede00015ddfdf,23,EL150800460653,official_cycle_life_eol_candidate,1,5c86c0b5fa2ede00015ddf67,true,PASS
b1c17,5c86c13dfa2ede00015ddfe9,24,EL150800460522,official_cycle_life_eol_candidate,1,5c86c0b5fa2ede00015ddf67,true,PASS
b1c18,5c86c292fa2ede00015de129,17,EL150800453240,official_cycle_life_eol_candidate,1,5c86c0b5fa2ede00015ddf67,true,PASS
b1c19,5c86c1c3fa2ede00015de06b,18,EL150800464881,official_cycle_life_eol_candidate,1,5c86c0b5fa2ede00015ddf67,true,PASS
b1c20,5c86c0e3fa2ede00015ddf99,11,EL150800464002,official_cycle_life_eol_candidate,1,5c86c0b5fa2ede00015ddf67,true,PASS
b1c21,5c86c0d6fa2ede00015ddf8f,12,EL150800463871,official_cycle_life_eol_candidate,1,5c86c0b5fa2ede00015ddf67,true,PASS
b1c22,5c86c154fa2ede00015de007,31,EL150800460433,known_early_terminated,1,5c86c0b5fa2ede00015ddf67,not_listed,PASS
b1c23,5c86c11ffa2ede00015ddfd5,32,EL150800460477,official_cycle_life_eol_candidate,1,5c86c0b5fa2ede00015ddf67,true,PASS
b1c24,5c86c0f4fa2ede00015ddfa3,25,EL150800460630,official_cycle_life_eol_candidate,1,5c86c0b5fa2ede00015ddf67,true,PASS
b1c25,5c86c19cfa2ede00015de043,26,EL150800460617,official_cycle_life_eol_candidate,1,5c86c0b5fa2ede00015ddf67,true,PASS
b1c26,5c86c0fcfa2ede00015ddfad,33,EL150800460659,official_cycle_life_eol_candidate,1,5c86c0b5fa2ede00015ddf67,true,PASS
b1c27,5c86c0c6fa2ede00015ddf7b,34,EL150800463198,official_cycle_life_eol_candidate,1,5c86c0b5fa2ede00015ddf67,true,PASS
b1c28,5c86c145fa2ede00015ddff3,27,EL150800460507,official_cycle_life_eol_candidate,1,5c86c0b5fa2ede00015ddf67,true,PASS
b1c29,5c86c257fa2ede00015de0ed,28,EL150800460644,official_cycle_life_eol_candidate,1,5c86c0b5fa2ede00015ddf67,true,PASS
b1c30,5c86c1b9fa2ede00015de061,35,EL150800460615,official_cycle_life_eol_candidate,1,5c86c0b5fa2ede00015ddf67,true,PASS
b1c31,5c86c0bdfa2ede00015ddf71,36,EL150800460481,official_cycle_life_eol_candidate,1,5c86c0b5fa2ede00015ddf67,true,PASS
b1c32,5c86c238fa2ede00015de0cf,29,EL150800460640,official_cycle_life_eol_candidate,1,5c86c0b5fa2ede00015ddf67,true,PASS
b1c33,5c86c1e1fa2ede00015de089,30,EL150800460436,official_cycle_life_eol_candidate,1,5c86c0b5fa2ede00015ddf67,true,PASS
b1c34,5c86c164fa2ede00015de01b,39,EL150800460525,official_cycle_life_eol_candidate,1,5c86c0b5fa2ede00015ddf67,true,PASS
b1c35,5c86c115fa2ede00015ddfcb,40,EL150800460622,official_cycle_life_eol_candidate,1,5c86c0b5fa2ede00015ddf67,true,PASS
b1c36,5c86c0ccfa2ede00015ddf85,37,EL150800460506,official_cycle_life_eol_candidate,1,5c86c0b5fa2ede00015ddf67,true,PASS
b1c37,5c86c230fa2ede00015de0c5,38,EL150800460601,official_cycle_life_eol_candidate,1,5c86c0b5fa2ede00015ddf67,true,PASS
b1c38,5c86c288fa2ede00015de11f,41,EL150800453773,official_cycle_life_eol_candidate,1,5c86c0b5fa2ede00015ddf67,true,PASS
b1c39,5c86c23dfa2ede00015de0d9,42,EL150800460642,official_cycle_life_eol_candidate,1,5c86c0b5fa2ede00015ddf67,true,PASS
b1c40,5c86c15dfa2ede00015de011,43,EL150800463229,official_cycle_life_eol_candidate,1,5c86c0b5fa2ede00015ddf67,true,PASS
b1c41,5c86c1ebfa2ede00015de093,44,EL150800460647,official_cycle_life_eol_candidate,1,5c86c0b5fa2ede00015ddf67,true,PASS
b1c42,5c86c10efa2ede00015ddfc1,45,EL150800460618,official_cycle_life_eol_candidate,1,5c86c0b5fa2ede00015ddf67,true,PASS
b1c43,5c86c1b2fa2ede00015de057,46,EL150800460636,official_cycle_life_eol_candidate,1,5c86c0b5fa2ede00015ddf67,true,PASS
b1c44,5c86c26bfa2ede00015de101,47,EL150800460485,official_cycle_life_eol_candidate,1,5c86c0b5fa2ede00015ddf67,true,PASS
b1c45,5c86c14bfa2ede00015ddffd,48,EL150800460656,official_cycle_life_eol_candidate,1,5c86c0b5fa2ede00015ddf67,true,PASS
