target,source_id,cell_id,condition_id,discharge_stage,sample_count,model_mae,model_p95_absolute_error,physical_mae,physical_max_absolute_error
soc,calce_a123_dynamic_0c,A1-007-DST-US06-FUDS-0,ambient_0c,0-25%,4,,,5.551115123125783e-17,1.1102230246251565e-16
soc,calce_a123_dynamic_0c,A1-007-DST-US06-FUDS-0,ambient_0c,25-50%,4,,,2.7755575615628914e-17,1.1102230246251565e-16
soc,calce_a123_dynamic_0c,A1-007-DST-US06-FUDS-0,ambient_0c,50-75%,4,,,1.3877787807814457e-17,5.551115123125783e-17
soc,calce_a123_dynamic_0c,A1-007-DST-US06-FUDS-0,ambient_0c,75-100%,32,,,6.307346138434422e-17,3.0964814046186007e-16
soc,calce_a123_dynamic_0c,A1-007-DST-US06-FUDS-0,ambient_0c,>100%,421,,,0.0,0.0
soc,calce_a123_dynamic_0c,A1-008-DST-US06-FUDS-0,ambient_0c,0-25%,4,,,2.7755575615628914e-17,1.1102230246251565e-16
soc,calce_a123_dynamic_0c,A1-008-DST-US06-FUDS-0,ambient_0c,25-50%,4,,,0.0,0.0
soc,calce_a123_dynamic_0c,A1-008-DST-US06-FUDS-0,ambient_0c,50-75%,5,,,2.2204460492503132e-17,5.551115123125783e-17
soc,calce_a123_dynamic_0c,A1-008-DST-US06-FUDS-0,ambient_0c,75-100%,29,,,6.941884806452015e-17,2.5673907444456745e-16
soc,calce_a123_dynamic_0c,A1-008-DST-US06-FUDS-0,ambient_0c,>100%,420,,,0.0,0.0
soc,calce_a123_dynamic_25c,A1-007-DST-US06-FUDS-25,ambient_25c,0-25%,4,,,0.0,0.0
soc,calce_a123_dynamic_25c,A1-007-DST-US06-FUDS-25,ambient_25c,25-50%,4,,,2.7755575615628914e-17,1.1102230246251565e-16
soc,calce_a123_dynamic_25c,A1-007-DST-US06-FUDS-25,ambient_25c,50-75%,3,,,1.850371707708594e-17,5.551115123125783e-17
soc,calce_a123_dynamic_25c,A1-007-DST-US06-FUDS-25,ambient_25c,75-100%,14,,,4.4731083916259095e-17,8.500145032286355e-17
soc,calce_a123_dynamic_25c,A1-007-DST-US06-FUDS-25,ambient_25c,>100%,465,,,0.0,0.0
soc,calce_a123_dynamic_25c,A1-008-DST-US06-FUDS-25,ambient_25c,0-25%,4,,,2.7755575615628914e-17,1.1102230246251565e-16
soc,calce_a123_dynamic_25c,A1-008-DST-US06-FUDS-25,ambient_25c,25-50%,4,,,2.7755575615628914e-17,1.1102230246251565e-16
soc,calce_a123_dynamic_25c,A1-008-DST-US06-FUDS-25,ambient_25c,50-75%,3,,,3.700743415417188e-17,5.551115123125783e-17
soc,calce_a123_dynamic_25c,A1-008-DST-US06-FUDS-25,ambient_25c,75-100%,15,,,3.700743415417188e-17,8.326672684688674e-17
soc,calce_a123_dynamic_25c,A1-008-DST-US06-FUDS-25,ambient_25c,>100%,477,,,0.0,0.0
soc,calce_a123_dynamic_50c,A1-007-DST-US06-FUDS-50,ambient_50c,0-25%,4,,,5.551115123125783e-17,2.220446049250313e-16
soc,calce_a123_dynamic_50c,A1-007-DST-US06-FUDS-50,ambient_50c,25-50%,4,,,0.0,0.0
soc,calce_a123_dynamic_50c,A1-007-DST-US06-FUDS-50,ambient_50c,50-75%,3,,,1.850371707708594e-17,5.551115123125783e-17
soc,calce_a123_dynamic_50c,A1-007-DST-US06-FUDS-50,ambient_50c,75-100%,9,,,5.2619945437963146e-17,9.8879238130678e-17
soc,calce_a123_dynamic_50c,A1-007-DST-US06-FUDS-50,ambient_50c,>100%,476,,,0.0,0.0
soc,calce_a123_dynamic_50c,A1-008-DST-US06-FUDS-50,ambient_50c,0-25%,4,,,8.326672684688674e-17,2.220446049250313e-16
soc,calce_a123_dynamic_50c,A1-008-DST-US06-FUDS-50,ambient_50c,25-50%,4,,,0.0,0.0
soc,calce_a123_dynamic_50c,A1-008-DST-US06-FUDS-50,ambient_50c,50-75%,3,,,5.551115123125783e-17,5.551115123125783e-17
soc,calce_a123_dynamic_50c,A1-008-DST-US06-FUDS-50,ambient_50c,75-100%,8,,,4.0115480381963664e-17,9.974659986866641e-17
soc,calce_a123_dynamic_50c,A1-008-DST-US06-FUDS-50,ambient_50c,>100%,488,,,0.0,0.0
soc,calce_a123_dynamic_temperature,A1-007-DST-US06-FUDS-N10,ambient_-10c,0-25%,5,,,2.2204460492503132e-17,1.1102230246251565e-16
soc,calce_a123_dynamic_temperature,A1-007-DST-US06-FUDS-N10,ambient_-10c,25-50%,5,,,0.0,0.0
soc,calce_a123_dynamic_temperature,A1-007-DST-US06-FUDS-N10,ambient_-10c,50-75%,9,,,2.4671622769447922e-17,5.551115123125783e-17
soc,calce_a123_dynamic_temperature,A1-007-DST-US06-FUDS-N10,ambient_-10c,75-100%,36,,,4.98002668713255e-17,1.6653345369377348e-16
soc,calce_a123_dynamic_temperature,A1-007-DST-US06-FUDS-N10,ambient_-10c,>100%,341,,,0.0,0.0
soc,calce_a123_dynamic_temperature,A1-008-DST-US06-FUDS-N10,ambient_-10c,0-25%,6,,,0.0,0.0
soc,calce_a123_dynamic_temperature,A1-008-DST-US06-FUDS-N10,ambient_-10c,25-50%,6,,,0.0,0.0
soc,calce_a123_dynamic_temperature,A1-008-DST-US06-FUDS-N10,ambient_-10c,50-75%,12,,,1.850371707708594e-17,5.551115123125783e-17
soc,calce_a123_dynamic_temperature,A1-008-DST-US06-FUDS-N10,ambient_-10c,75-100%,27,,,5.756711979537848e-17,1.6653345369377348e-16
soc,calce_a123_dynamic_temperature,A1-008-DST-US06-FUDS-N10,ambient_-10c,>100%,214,,,0.0,0.0
soc,mit_stanford_fast_charge,b1c0,3.6C(80%)-3.6C,0-25%,4198,,,2.686961869983704e-17,1.1102230246251565e-16
soc,mit_stanford_fast_charge,b1c0,3.6C(80%)-3.6C,25-50%,1740,,,0.0,0.0
soc,mit_stanford_fast_charge,b1c0,3.6C(80%)-3.6C,50-75%,1571,,,2.50171197146598e-17,5.551115123125783e-17
soc,mit_stanford_fast_charge,b1c0,3.6C(80%)-3.6C,75-100%,5225,,,4.5588073524484364e-17,9.93129189996722e-17
soc,mit_stanford_fast_charge,b1c0,3.6C(80%)-3.6C,>100%,953,,,0.0,0.0
soc,mit_stanford_fast_charge,b1c1,3.6C(80%)-3.6C,0-25%,3875,,,4.1887640309728486e-17,1.1102230246251565e-16
soc,mit_stanford_fast_charge,b1c1,3.6C(80%)-3.6C,25-50%,1758,,,0.0,0.0
soc,mit_stanford_fast_charge,b1c1,3.6C(80%)-3.6C,50-75%,1558,,,2.50477145799578e-17,5.551115123125783e-17
soc,mit_stanford_fast_charge,b1c1,3.6C(80%)-3.6C,75-100%,5563,,,4.3532156518964075e-17,9.985502008591496e-17
soc,mit_stanford_fast_charge,b1c1,3.6C(80%)-3.6C,>100%,544,,,0.0,0.0
soc,mit_stanford_fast_charge,b1c10,5.4C(50%)-3C,0-25%,5350,,,3.7477809018187527e-17,1.1102230246251565e-16
soc,mit_stanford_fast_charge,b1c10,5.4C(50%)-3C,25-50%,1254,,,0.0,0.0
soc,mit_stanford_fast_charge,b1c10,5.4C(50%)-3C,50-75%,1148,,,2.577303450022685e-17,5.551115123125783e-17
soc,mit_stanford_fast_charge,b1c10,5.4C(50%)-3C,75-100%,4482,,,4.35708865627587e-17,9.985502008591496e-17
soc,mit_stanford_fast_charge,b1c10,5.4C(50%)-3C,>100%,329,,,0.0,0.0
soc,mit_stanford_fast_charge,b1c11,5.4C(50%)-3C,0-25%,2124,,,4.9238704764449035e-17,1.1102230246251565e-16
soc,mit_stanford_fast_charge,b1c11,5.4C(50%)-3C,25-50%,1090,,,0.0,0.0
soc,mit_stanford_fast_charge,b1c11,5.4C(50%)-3C,50-75%,1045,,,2.4541772123292933e-17,5.551115123125783e-17
soc,mit_stanford_fast_charge,b1c11,5.4C(50%)-3C,75-100%,4013,,,4.391133901542112e-17,9.985502008591496e-17
soc,mit_stanford_fast_charge,b1c11,5.4C(50%)-3C,>100%,240,,,0.0,0.0
soc,mit_stanford_fast_charge,b1c12,5.4C(50%)-3.6C,0-25%,7601,,,4.701760184539375e-17,1.1102230246251565e-16
soc,mit_stanford_fast_charge,b1c12,5.4C(50%)-3.6C,25-50%,1062,,,0.0,0.0
soc,mit_stanford_fast_charge,b1c12,5.4C(50%)-3.6C,50-75%,1158,,,2.40164825275131e-17,5.551115123125783e-17
soc,mit_stanford_fast_charge,b1c12,5.4C(50%)-3.6C,75-100%,4703,,,4.2083575212927414e-17,9.985502008591496e-17
soc,mit_stanford_fast_charge,b1c12,5.4C(50%)-3.6C,>100%,228,,,0.0,0.0
soc,mit_stanford_fast_charge,b1c13,5.4C(50%)-3.6C,0-25%,7460,,,4.671568464206925e-17,1.1102230246251565e-16
soc,mit_stanford_fast_charge,b1c13,5.4C(50%)-3.6C,25-50%,1024,,,0.0,0.0
soc,mit_stanford_fast_charge,b1c13,5.4C(50%)-3.6C,50-75%,1141,,,2.3839144700540172e-17,5.551115123125783e-17
soc,mit_stanford_fast_charge,b1c13,5.4C(50%)-3.6C,75-100%,4720,,,4.332889009087372e-17,9.98821251402271e-17
soc,mit_stanford_fast_charge,b1c13,5.4C(50%)-3.6C,>100%,258,,,0.0,0.0
soc,mit_stanford_fast_charge,b1c14,5.4C(60%)-3C,0-25%,6673,,,4.194323760047984e-17,1.1102230246251565e-16
soc,mit_stanford_fast_charge,b1c14,5.4C(60%)-3C,25-50%,1053,,,0.0,0.0
soc,mit_stanford_fast_charge,b1c14,5.4C(60%)-3C,50-75%,1057,,,2.5996234493351585e-17,5.551115123125783e-17
soc,mit_stanford_fast_charge,b1c14,5.4C(60%)-3C,75-100%,4547,,,4.431341182218831e-17,9.98821251402271e-17
soc,mit_stanford_fast_charge,b1c14,5.4C(60%)-3C,>100%,314,,,0.0,0.0
soc,mit_stanford_fast_charge,b1c15,5.4C(60%)-3C,0-25%,5720,,,4.656337475656906e-17,1.1102230246251565e-16
soc,mit_stanford_fast_charge,b1c15,5.4C(60%)-3C,25-50%,841,,,0.0,0.0
soc,mit_stanford_fast_charge,b1c15,5.4C(60%)-3C,50-75%,866,,,2.243522278399566e-17,5.551115123125783e-17
soc,mit_stanford_fast_charge,b1c15,5.4C(60%)-3C,75-100%,3806,,,4.3555022130224596e-17,9.996344030316351e-17
soc,mit_stanford_fast_charge,b1c15,5.4C(60%)-3C,>100%,221,,,0.0,0.0
soc,mit_stanford_fast_charge,b1c16,5.4C(60%)-3.6C,0-25%,2555,,,4.453927985286831e-17,1.1102230246251565e-16
soc,mit_stanford_fast_charge,b1c16,5.4C(60%)-3.6C,25-50%,1326,,,0.0,0.0
soc,mit_stanford_fast_charge,b1c16,5.4C(60%)-3.6C,50-75%,1053,,,2.4513471341438643e-17,5.551115123125783e-17
soc,mit_stanford_fast_charge,b1c16,5.4C(60%)-3.6C,75-100%,4269,,,4.292346267080234e-17,9.974659986866641e-17
soc,mit_stanford_fast_charge,b1c16,5.4C(60%)-3.6C,>100%,222,,,0.0,0.0
soc,mit_stanford_fast_charge,b1c17,5.4C(60%)-3.6C,0-25%,5438,,,3.564636632945059e-17,1.1102230246251565e-16
soc,mit_stanford_fast_charge,b1c17,5.4C(60%)-3.6C,25-50%,1107,,,0.0,0.0
soc,mit_stanford_fast_charge,b1c17,5.4C(60%)-3.6C,50-75%,1052,,,2.4431238612236098e-17,5.551115123125783e-17
soc,mit_stanford_fast_charge,b1c17,5.4C(60%)-3.6C,75-100%,4428,,,4.346424541569334e-17,9.980080997729068e-17
soc,mit_stanford_fast_charge,b1c17,5.4C(60%)-3.6C,>100%,208,,,0.0,0.0
soc,mit_stanford_fast_charge,b1c18,5.4C(70%)-3C,0-25%,3825,,,3.6833281522858137e-17,1.1102230246251565e-16
soc,mit_stanford_fast_charge,b1c18,5.4C(70%)-3C,25-50%,891,,,0.0,0.0
soc,mit_stanford_fast_charge,b1c18,5.4C(70%)-3C,50-75%,905,,,2.4105947440756162e-17,5.551115123125783e-17
soc,mit_stanford_fast_charge,b1c18,5.4C(70%)-3C,75-100%,3470,,,4.518260673746947e-17,9.974659986866641e-17
soc,mit_stanford_fast_charge,b1c18,5.4C(70%)-3C,>100%,204,,,0.0,0.0
soc,mit_stanford_fast_charge,b1c19,5.4C(70%)-3C,0-25%,5364,,,4.723208318781893e-17,1.1102230246251565e-16
soc,mit_stanford_fast_charge,b1c19,5.4C(70%)-3C,25-50%,1026,,,0.0,0.0
soc,mit_stanford_fast_charge,b1c19,5.4C(70%)-3C,50-75%,990,,,2.2877322931669892e-17,5.551115123125783e-17
soc,mit_stanford_fast_charge,b1c19,5.4C(70%)-3C,75-100%,4087,,,4.3126397151368715e-17,9.974659986866641e-17
soc,mit_stanford_fast_charge,b1c19,5.4C(70%)-3C,>100%,177,,,0.0,0.0
soc,mit_stanford_fast_charge,b1c2,3.6C(80%)-3.6C,0-25%,5864,,,3.061443776976259e-17,1.1102230246251565e-16
soc,mit_stanford_fast_charge,b1c2,3.6C(80%)-3.6C,25-50%,1651,,,0.0,0.0
soc,mit_stanford_fast_charge,b1c2,3.6C(80%)-3.6C,50-75%,1495,,,2.3912495915003373e-17,5.551115123125783e-17
soc,mit_stanford_fast_charge,b1c2,3.6C(80%)-3.6C,75-100%,5758,,,4.25312288655697e-17,9.996344030316351e-17
soc,mit_stanford_fast_charge,b1c2,3.6C(80%)-3.6C,>100%,532,,,0.0,0.0
soc,mit_stanford_fast_charge,b1c20,5.4C(80%)-5.4C,0-25%,4094,,,4.5260435468964e-17,1.1102230246251565e-16
soc,mit_stanford_fast_charge,b1c20,5.4C(80%)-5.4C,25-50%,616,,,0.0,0.0
soc,mit_stanford_fast_charge,b1c20,5.4C(80%)-5.4C,50-75%,628,,,2.3070717311080085e-17,5.551115123125783e-17
soc,mit_stanford_fast_charge,b1c20,5.4C(80%)-5.4C,75-100%,2797,,,4.517505074773725e-17,9.990923019453923e-17
soc,mit_stanford_fast_charge,b1c20,5.4C(80%)-5.4C,>100%,107,,,0.0,0.0
soc,mit_stanford_fast_charge,b1c21,5.4C(80%)-5.4C,0-25%,3517,,,4.6309274299832374e-17,1.1102230246251565e-16
soc,mit_stanford_fast_charge,b1c21,5.4C(80%)-5.4C,25-50%,678,,,0.0,0.0
soc,mit_stanford_fast_charge,b1c21,5.4C(80%)-5.4C,50-75%,702,,,2.4671622769447922e-17,5.551115123125783e-17
soc,mit_stanford_fast_charge,b1c21,5.4C(80%)-5.4C,75-100%,2911,,,4.4730963784482214e-17,9.974659986866641e-17
soc,mit_stanford_fast_charge,b1c21,5.4C(80%)-5.4C,>100%,96,,,0.0,0.0
soc,mit_stanford_fast_charge,b1c22,6C(30%)-3.6C,0-25%,7648,,,4.7410936171884954e-17,1.1102230246251565e-16
soc,mit_stanford_fast_charge,b1c22,6C(30%)-3.6C,25-50%,1166,,,0.0,0.0
soc,mit_stanford_fast_charge,b1c22,6C(30%)-3.6C,50-75%,1123,,,2.3430352345161362e-17,5.551115123125783e-17
soc,mit_stanford_fast_charge,b1c22,6C(30%)-3.6C,75-100%,4468,,,4.389054511056945e-17,9.996344030316351e-17
soc,mit_stanford_fast_charge,b1c22,6C(30%)-3.6C,>100%,336,,,0.0,0.0
soc,mit_stanford_fast_charge,b1c23,6C(30%)-3.6C,0-25%,6941,,,4.768152768199959e-17,1.1102230246251565e-16
soc,mit_stanford_fast_charge,b1c23,6C(30%)-3.6C,25-50%,1314,,,0.0,0.0
soc,mit_stanford_fast_charge,b1c23,6C(30%)-3.6C,50-75%,1279,,,2.3480479136912027e-17,5.551115123125783e-17
soc,mit_stanford_fast_charge,b1c23,6C(30%)-3.6C,75-100%,5119,,,4.369744765228749e-17,9.996344030316351e-17
soc,mit_stanford_fast_charge,b1c23,6C(30%)-3.6C,>100%,327,,,0.0,0.0
soc,mit_stanford_fast_charge,b1c24,6C(40%)-3C,0-25%,9527,,,3.3119070389258894e-17,1.1102230246251565e-16
soc,mit_stanford_fast_charge,b1c24,6C(40%)-3C,25-50%,1189,,,0.0,0.0
soc,mit_stanford_fast_charge,b1c24,6C(40%)-3C,50-75%,1250,,,2.5357493882438574e-17,5.551115123125783e-17
soc,mit_stanford_fast_charge,b1c24,6C(40%)-3C,75-100%,5101,,,4.3865777019544186e-17,9.996344030316351e-17
soc,mit_stanford_fast_charge,b1c24,6C(40%)-3C,>100%,386,,,0.0,0.0
soc,mit_stanford_fast_charge,b1c25,6C(40%)-3C,0-25%,9243,,,4.823818745964112e-17,1.1102230246251565e-16
soc,mit_stanford_fast_charge,b1c25,6C(40%)-3C,25-50%,1011,,,0.0,0.0
soc,mit_stanford_fast_charge,b1c25,6C(40%)-3C,50-75%,1028,,,2.516361524685423e-17,5.551115123125783e-17
soc,mit_stanford_fast_charge,b1c25,6C(40%)-3C,75-100%,4491,,,4.4474397273091995e-17,9.996344030316351e-17
soc,mit_stanford_fast_charge,b1c25,6C(40%)-3C,>100%,267,,,0.0,0.0
soc,mit_stanford_fast_charge,b1c26,6C(40%)-3.6C,0-25%,2864,,,3.771812161174153e-17,1.1102230246251565e-16
soc,mit_stanford_fast_charge,b1c26,6C(40%)-3.6C,25-50%,1346,,,0.0,0.0
soc,mit_stanford_fast_charge,b1c26,6C(40%)-3.6C,50-75%,1066,,,2.5203937332015748e-17,5.551115123125783e-17
soc,mit_stanford_fast_charge,b1c26,6C(40%)-3.6C,75-100%,4313,,,4.437843444979779e-17,9.996344030316351e-17
soc,mit_stanford_fast_charge,b1c26,6C(40%)-3.6C,>100%,284,,,0.0,0.0
soc,mit_stanford_fast_charge,b1c27,6C(40%)-3.6C,0-25%,3559,,,4.5170074168508757e-17,1.1102230246251565e-16
soc,mit_stanford_fast_charge,b1c27,6C(40%)-3.6C,25-50%,1193,,,0.0,0.0
soc,mit_stanford_fast_charge,b1c27,6C(40%)-3.6C,50-75%,1040,,,2.369899148719084e-17,5.551115123125783e-17
soc,mit_stanford_fast_charge,b1c27,6C(40%)-3.6C,75-100%,4267,,,4.301727481806278e-17,9.974659986866641e-17
soc,mit_stanford_fast_charge,b1c27,6C(40%)-3.6C,>100%,253,,,0.0,0.0
soc,mit_stanford_fast_charge,b1c28,6C(50%)-3C,0-25%,8912,,,4.395048059781814e-17,1.1102230246251565e-16
soc,mit_stanford_fast_charge,b1c28,6C(50%)-3C,25-50%,1027,,,0.0,0.0
soc,mit_stanford_fast_charge,b1c28,6C(50%)-3C,50-75%,977,,,2.5170358234848737e-17,5.551115123125783e-17
soc,mit_stanford_fast_charge,b1c28,6C(50%)-3C,75-100%,4567,,,4.308680751075676e-17,9.985502008591496e-17
soc,mit_stanford_fast_charge,b1c28,6C(50%)-3C,>100%,241,,,0.0,0.0
soc,mit_stanford_fast_charge,b1c29,6C(50%)-3C,0-25%,7464,,,4.792522220447822e-17,1.1102230246251565e-16
soc,mit_stanford_fast_charge,b1c29,6C(50%)-3C,25-50%,1179,,,0.0,0.0
soc,mit_stanford_fast_charge,b1c29,6C(50%)-3C,50-75%,1071,,,2.4256973647272328e-17,5.551115123125783e-17
soc,mit_stanford_fast_charge,b1c29,6C(50%)-3C,75-100%,4663,,,4.346982131752188e-17,9.985502008591496e-17
soc,mit_stanford_fast_charge,b1c29,6C(50%)-3C,>100%,283,,,0.0,0.0
soc,mit_stanford_fast_charge,b1c3,4C(80%)-4C,0-25%,5635,,,3.91681166451608e-17,1.1102230246251565e-16
soc,mit_stanford_fast_charge,b1c3,4C(80%)-4C,25-50%,1692,,,0.0,0.0
soc,mit_stanford_fast_charge,b1c3,4C(80%)-4C,50-75%,1582,,,2.487825930654981e-17,5.551115123125783e-17
soc,mit_stanford_fast_charge,b1c3,4C(80%)-4C,75-100%,5938,,,4.308016735030712e-17,9.985502008591496e-17
soc,mit_stanford_fast_charge,b1c3,4C(80%)-4C,>100%,503,,,0.0,0.0
soc,mit_stanford_fast_charge,b1c30,6C(50%)-3.6C,0-25%,6108,,,4.800424047208642e-17,1.1102230246251565e-16
soc,mit_stanford_fast_charge,b1c30,6C(50%)-3.6C,25-50%,888,,,0.0,0.0
soc,mit_stanford_fast_charge,b1c30,6C(50%)-3.6C,50-75%,918,,,2.4611153105797316e-17,5.551115123125783e-17
soc,mit_stanford_fast_charge,b1c30,6C(50%)-3.6C,75-100%,3686,,,4.3105017274914204e-17,9.974659986866641e-17
soc,mit_stanford_fast_charge,b1c30,6C(50%)-3.6C,>100%,216,,,0.0,0.0
soc,mit_stanford_fast_charge,b1c31,6C(50%)-3.6C,0-25%,6197,,,4.6042813833897894e-17,1.1102230246251565e-16
soc,mit_stanford_fast_charge,b1c31,6C(50%)-3.6C,25-50%,1131,,,0.0,0.0
soc,mit_stanford_fast_charge,b1c31,6C(50%)-3.6C,50-75%,1154,,,2.3811109063667785e-17,5.551115123125783e-17
soc,mit_stanford_fast_charge,b1c31,6C(50%)-3.6C,75-100%,4454,,,4.3003782146063244e-17,9.986857261307103e-17
soc,mit_stanford_fast_charge,b1c31,6C(50%)-3.6C,>100%,227,,,0.0,0.0
soc,mit_stanford_fast_charge,b1c32,6C(60%)-3C,0-25%,6421,,,4.647686482156083e-17,1.1102230246251565e-16
soc,mit_stanford_fast_charge,b1c32,6C(60%)-3C,25-50%,856,,,0.0,0.0
soc,mit_stanford_fast_charge,b1c32,6C(60%)-3C,50-75%,886,,,2.3495126085464655e-17,5.551115123125783e-17
soc,mit_stanford_fast_charge,b1c32,6C(60%)-3C,75-100%,3903,,,4.342275969680785e-17,9.974659986866641e-17
soc,mit_stanford_fast_charge,b1c32,6C(60%)-3C,>100%,183,,,0.0,0.0
soc,mit_stanford_fast_charge,b1c33,6C(60%)-3C,0-25%,5667,,,4.803717763156668e-17,1.1102230246251565e-16
soc,mit_stanford_fast_charge,b1c33,6C(60%)-3C,25-50%,931,,,0.0,0.0
soc,mit_stanford_fast_charge,b1c33,6C(60%)-3C,50-75%,904,,,2.505370542295707e-17,5.551115123125783e-17
soc,mit_stanford_fast_charge,b1c33,6C(60%)-3C,75-100%,4045,,,4.300307632770932e-17,9.952975943416931e-17
soc,mit_stanford_fast_charge,b1c33,6C(60%)-3C,>100%,176,,,0.0,0.0
soc,mit_stanford_fast_charge,b1c34,7C(30%)-3.6C,0-25%,5914,,,4.597457198692946e-17,1.1102230246251565e-16
soc,mit_stanford_fast_charge,b1c34,7C(30%)-3.6C,25-50%,927,,,0.0,0.0
soc,mit_stanford_fast_charge,b1c34,7C(30%)-3.6C,50-75%,921,,,2.5736440364546245e-17,5.551115123125783e-17
soc,mit_stanford_fast_charge,b1c34,7C(30%)-3.6C,75-100%,3782,,,4.330355114113958e-17,9.952975943416931e-17
soc,mit_stanford_fast_charge,b1c34,7C(30%)-3.6C,>100%,227,,,0.0,0.0
soc,mit_stanford_fast_charge,b1c35,7C(30%)-3.6C,0-25%,6594,,,5.0796828409070327e-17,1.1102230246251565e-16
soc,mit_stanford_fast_charge,b1c35,7C(30%)-3.6C,25-50%,847,,,0.0,0.0
soc,mit_stanford_fast_charge,b1c35,7C(30%)-3.6C,50-75%,849,,,2.3799833979008067e-17,5.551115123125783e-17
soc,mit_stanford_fast_charge,b1c35,7C(30%)-3.6C,75-100%,3741,,,4.317525150544282e-17,9.996344030316351e-17
soc,mit_stanford_fast_charge,b1c35,7C(30%)-3.6C,>100%,203,,,0.0,0.0
soc,mit_stanford_fast_charge,b1c36,7C(40%)-3C,0-25%,3571,,,4.644842337692478e-17,1.1102230246251565e-16
soc,mit_stanford_fast_charge,b1c36,7C(40%)-3C,25-50%,983,,,0.0,0.0
soc,mit_stanford_fast_charge,b1c36,7C(40%)-3C,50-75%,876,,,2.3699966393253913e-17,5.551115123125783e-17
soc,mit_stanford_fast_charge,b1c36,7C(40%)-3C,75-100%,3616,,,4.3348231285277184e-17,9.974659986866641e-17
soc,mit_stanford_fast_charge,b1c36,7C(40%)-3C,>100%,184,,,0.0,0.0
soc,mit_stanford_fast_charge,b1c37,7C(40%)-3C,0-25%,5870,,,4.2971494241028203e-17,1.1102230246251565e-16
soc,mit_stanford_fast_charge,b1c37,7C(40%)-3C,25-50%,769,,,0.0,0.0
soc,mit_stanford_fast_charge,b1c37,7C(40%)-3C,50-75%,801,,,2.626557592590102e-17,5.551115123125783e-17
soc,mit_stanford_fast_charge,b1c37,7C(40%)-3C,75-100%,3453,,,4.4008609816680555e-17,9.952975943416931e-17
soc,mit_stanford_fast_charge,b1c37,7C(40%)-3C,>100%,174,,,0.0,0.0
soc,mit_stanford_fast_charge,b1c38,7C(40%)-3.6C,0-25%,5317,,,2.559965070886669e-17,1.1102230246251565e-16
soc,mit_stanford_fast_charge,b1c38,7C(40%)-3.6C,25-50%,750,,,0.0,0.0
soc,mit_stanford_fast_charge,b1c38,7C(40%)-3.6C,50-75%,717,,,2.3923215802592286e-17,5.551115123125783e-17
soc,mit_stanford_fast_charge,b1c38,7C(40%)-3.6C,75-100%,3270,,,4.3978578060451375e-17,9.985502008591496e-17
soc,mit_stanford_fast_charge,b1c38,7C(40%)-3.6C,>100%,181,,,0.0,0.0
soc,mit_stanford_fast_charge,b1c39,7C(40%)-3.6C,0-25%,3708,,,4.347475274422134e-17,1.1102230246251565e-16
soc,mit_stanford_fast_charge,b1c39,7C(40%)-3.6C,25-50%,835,,,0.0,0.0
soc,mit_stanford_fast_charge,b1c39,7C(40%)-3.6C,50-75%,756,,,2.518561491047809e-17,5.551115123125783e-17
soc,mit_stanford_fast_charge,b1c39,7C(40%)-3.6C,75-100%,3293,,,4.247837891209957e-17,9.996344030316351e-17
soc,mit_stanford_fast_charge,b1c39,7C(40%)-3.6C,>100%,107,,,0.0,0.0
soc,mit_stanford_fast_charge,b1c4,4C(80%)-4C,0-25%,7799,,,4.2763302551275423e-17,1.1102230246251565e-16
soc,mit_stanford_fast_charge,b1c4,4C(80%)-4C,25-50%,1552,,,0.0,0.0
soc,mit_stanford_fast_charge,b1c4,4C(80%)-4C,50-75%,1548,,,2.456404301899975e-17,5.551115123125783e-17
soc,mit_stanford_fast_charge,b1c4,4C(80%)-4C,75-100%,5867,,,4.2534075378330785e-17,9.999054535747565e-17
soc,mit_stanford_fast_charge,b1c4,4C(80%)-4C,>100%,569,,,0.0,0.0
soc,mit_stanford_fast_charge,b1c40,8C(15%)-3.6C,0-25%,9720,,,4.697888169015709e-17,1.1102230246251565e-16
soc,mit_stanford_fast_charge,b1c40,8C(15%)-3.6C,25-50%,1184,,,0.0,0.0
soc,mit_stanford_fast_charge,b1c40,8C(15%)-3.6C,50-75%,1246,,,2.5260692414224067e-17,5.551115123125783e-17
soc,mit_stanford_fast_charge,b1c40,8C(15%)-3.6C,75-100%,5135,,,4.3402185047847675e-17,9.990923019453923e-17
soc,mit_stanford_fast_charge,b1c40,8C(15%)-3.6C,>100%,205,,,0.0,0.0
soc,mit_stanford_fast_charge,b1c41,8C(15%)-3.6C,0-25%,9320,,,4.311048418582019e-17,1.1102230246251565e-16
soc,mit_stanford_fast_charge,b1c41,8C(15%)-3.6C,25-50%,1285,,,0.0,0.0
soc,mit_stanford_fast_charge,b1c41,8C(15%)-3.6C,50-75%,1261,,,2.4387928455286943e-17,5.551115123125783e-17
soc,mit_stanford_fast_charge,b1c41,8C(15%)-3.6C,75-100%,5366,,,4.323602174008532e-17,9.985502008591496e-17
soc,mit_stanford_fast_charge,b1c41,8C(15%)-3.6C,>100%,295,,,0.0,0.0
soc,mit_stanford_fast_charge,b1c42,8C(25%)-3.6C,0-25%,5438,,,4.0117474133660034e-17,1.1102230246251565e-16
soc,mit_stanford_fast_charge,b1c42,8C(25%)-3.6C,25-50%,880,,,0.0,0.0
soc,mit_stanford_fast_charge,b1c42,8C(25%)-3.6C,50-75%,861,,,2.45641679664451e-17,5.551115123125783e-17
soc,mit_stanford_fast_charge,b1c42,8C(25%)-3.6C,75-100%,3704,,,4.3743785344590886e-17,9.996344030316351e-17
soc,mit_stanford_fast_charge,b1c42,8C(25%)-3.6C,>100%,146,,,0.0,0.0
soc,mit_stanford_fast_charge,b1c43,8C(25%)-3.6C,0-25%,5428,,,3.6816533609529876e-17,1.1102230246251565e-16
soc,mit_stanford_fast_charge,b1c43,8C(25%)-3.6C,25-50%,786,,,0.0,0.0
soc,mit_stanford_fast_charge,b1c43,8C(25%)-3.6C,50-75%,783,,,2.4458936366263027e-17,5.551115123125783e-17
soc,mit_stanford_fast_charge,b1c43,8C(25%)-3.6C,75-100%,3492,,,4.309499154308421e-17,9.974659986866641e-17
soc,mit_stanford_fast_charge,b1c43,8C(25%)-3.6C,>100%,119,,,0.0,0.0
soc,mit_stanford_fast_charge,b1c44,8C(35%)-3.6C,0-25%,4869,,,5.0323725926221413e-17,1.1102230246251565e-16
soc,mit_stanford_fast_charge,b1c44,8C(35%)-3.6C,25-50%,787,,,0.0,0.0
soc,mit_stanford_fast_charge,b1c44,8C(35%)-3.6C,50-75%,778,,,2.561504279180149e-17,5.551115123125783e-17
soc,mit_stanford_fast_charge,b1c44,8C(35%)-3.6C,75-100%,3291,,,4.262414244318567e-17,9.996344030316351e-17
soc,mit_stanford_fast_charge,b1c44,8C(35%)-3.6C,>100%,101,,,0.0,0.0
soc,mit_stanford_fast_charge,b1c45,8C(35%)-3.6C,0-25%,3391,,,4.5705436224615704e-17,1.1102230246251565e-16
soc,mit_stanford_fast_charge,b1c45,8C(35%)-3.6C,25-50%,831,,,0.0,0.0
soc,mit_stanford_fast_charge,b1c45,8C(35%)-3.6C,50-75%,750,,,2.3906802463595036e-17,5.551115123125783e-17
soc,mit_stanford_fast_charge,b1c45,8C(35%)-3.6C,75-100%,3127,,,4.272530687639663e-17,9.977370492297855e-17
soc,mit_stanford_fast_charge,b1c45,8C(35%)-3.6C,>100%,93,,,0.0,0.0
soc,mit_stanford_fast_charge,b1c5,4.4C(80%)-4.4C,0-25%,4965,,,3.6358965519446216e-17,1.1102230246251565e-16
soc,mit_stanford_fast_charge,b1c5,4.4C(80%)-4.4C,25-50%,1408,,,0.0,0.0
soc,mit_stanford_fast_charge,b1c5,4.4C(80%)-4.4C,50-75%,1342,,,2.4529145067165344e-17,5.551115123125783e-17
soc,mit_stanford_fast_charge,b1c5,4.4C(80%)-4.4C,75-100%,5366,,,4.306490107948629e-17,9.974659986866641e-17
soc,mit_stanford_fast_charge,b1c5,4.4C(80%)-4.4C,>100%,335,,,0.0,0.0
soc,mit_stanford_fast_charge,b1c6,4.8C(80%)-4.8C,0-25%,5178,,,4.8113952631495777e-17,1.1102230246251565e-16
soc,mit_stanford_fast_charge,b1c6,4.8C(80%)-4.8C,25-50%,719,,,0.0,0.0
soc,mit_stanford_fast_charge,b1c6,4.8C(80%)-4.8C,50-75%,790,,,2.3188202413057067e-17,5.551115123125783e-17
soc,mit_stanford_fast_charge,b1c6,4.8C(80%)-4.8C,75-100%,3380,,,4.352880663973387e-17,9.980080997729068e-17
soc,mit_stanford_fast_charge,b1c6,4.8C(80%)-4.8C,>100%,137,,,0.0,0.0
soc,mit_stanford_fast_charge,b1c7,4.8C(80%)-4.8C,0-25%,6081,,,3.3903702626688305e-17,1.1102230246251565e-16
soc,mit_stanford_fast_charge,b1c7,4.8C(80%)-4.8C,25-50%,1092,,,0.0,0.0
soc,mit_stanford_fast_charge,b1c7,4.8C(80%)-4.8C,50-75%,1120,,,2.522783569349128e-17,5.551115123125783e-17
soc,mit_stanford_fast_charge,b1c7,4.8C(80%)-4.8C,75-100%,4479,,,4.344206640528492e-17,9.986857261307103e-17
soc,mit_stanford_fast_charge,b1c7,4.8C(80%)-4.8C,>100%,252,,,0.0,0.0
soc,mit_stanford_fast_charge,b1c8,5.4C(40%)-3.6C,0-25%,7387,,,4.683166298540663e-17,1.1102230246251565e-16
soc,mit_stanford_fast_charge,b1c8,5.4C(40%)-3.6C,25-50%,1122,,,0.0,0.0
soc,mit_stanford_fast_charge,b1c8,5.4C(40%)-3.6C,50-75%,1089,,,2.3499210943627052e-17,5.551115123125783e-17
soc,mit_stanford_fast_charge,b1c8,5.4C(40%)-3.6C,75-100%,4546,,,4.2702928730699605e-17,9.996344030316351e-17
soc,mit_stanford_fast_charge,b1c8,5.4C(40%)-3.6C,>100%,240,,,0.0,0.0
soc,mit_stanford_fast_charge,b1c9,5.4C(40%)-3.6C,0-25%,10639,,,4.371392283254799e-17,1.1102230246251565e-16
soc,mit_stanford_fast_charge,b1c9,5.4C(40%)-3.6C,25-50%,1175,,,0.0,0.0
soc,mit_stanford_fast_charge,b1c9,5.4C(40%)-3.6C,50-75%,1213,,,2.5902153006506125e-17,5.551115123125783e-17
soc,mit_stanford_fast_charge,b1c9,5.4C(40%)-3.6C,75-100%,5418,,,4.296223680030496e-17,9.990923019453923e-17
soc,mit_stanford_fast_charge,b1c9,5.4C(40%)-3.6C,>100%,363,,,0.0,0.0
soc,oxford_battery_degradation_1,Cell1,temperature_0c,0-25%,17,,,7.18379604169219e-17,2.220446049250313e-16
soc,oxford_battery_degradation_1,Cell1,temperature_0c,25-50%,16,,,5.551115123125783e-17,1.1102230246251565e-16
soc,oxford_battery_degradation_1,Cell1,temperature_0c,50-75%,17,,,4.5715065719859385e-17,1.6653345369377348e-16
soc,oxford_battery_degradation_1,Cell1,temperature_0c,75-100%,16,,,5.2909066017292616e-17,9.020562075079397e-17
soc,oxford_battery_degradation_1,Cell1,temperature_0c,>100%,1,,,0.0,0.0
soc,oxford_battery_degradation_1,Cell1,temperature_40c,0-25%,1211,,,7.242577947595984e-17,3.3306690738754696e-16
soc,oxford_battery_degradation_1,Cell1,temperature_40c,25-50%,1171,,,5.1671353409112754e-17,2.220446049250313e-16
soc,oxford_battery_degradation_1,Cell1,temperature_40c,50-75%,1174,,,6.260371740220218e-17,1.6653345369377348e-16
soc,oxford_battery_degradation_1,Cell1,temperature_40c,75-100%,1167,,,4.8653000543446877e-17,1.942890293094024e-16
soc,oxford_battery_degradation_1,Cell1,temperature_40c,>100%,26,,,0.0,0.0
soc,oxford_battery_degradation_1,Cell2,temperature_40c,0-25%,1140,,,7.304098846218136e-17,3.3306690738754696e-16
soc,oxford_battery_degradation_1,Cell2,temperature_40c,25-50%,1108,,,5.160332650559166e-17,2.220446049250313e-16
soc,oxford_battery_degradation_1,Cell2,temperature_40c,50-75%,1108,,,5.936887563992828e-17,1.6653345369377348e-16
soc,oxford_battery_degradation_1,Cell2,temperature_40c,75-100%,1092,,,5.284092640531047e-17,2.220446049250313e-16
soc,oxford_battery_degradation_1,Cell2,temperature_40c,>100%,26,,,0.0,0.0
soc,oxford_battery_degradation_1,Cell3,temperature_40c,0-25%,1209,,,7.557597595256442e-17,3.3306690738754696e-16
soc,oxford_battery_degradation_1,Cell3,temperature_40c,25-50%,1169,,,5.156981200782378e-17,2.220446049250313e-16
soc,oxford_battery_degradation_1,Cell3,temperature_40c,50-75%,1169,,,5.874020023358934e-17,1.6653345369377348e-16
soc,oxford_battery_degradation_1,Cell3,temperature_40c,75-100%,1163,,,4.909639082734334e-17,1.942890293094024e-16
soc,oxford_battery_degradation_1,Cell3,temperature_40c,>100%,20,,,0.0,0.0
soc,oxford_battery_degradation_1,Cell4,temperature_40c,0-25%,757,,,7.142385904787995e-17,3.3306690738754696e-16
soc,oxford_battery_degradation_1,Cell4,temperature_40c,25-50%,734,,,5.157848111678179e-17,2.220446049250313e-16
soc,oxford_battery_degradation_1,Cell4,temperature_40c,50-75%,737,,,6.003037656894504e-17,1.6653345369377348e-16
soc,oxford_battery_degradation_1,Cell4,temperature_40c,75-100%,734,,,4.5567999946832374e-17,1.942890293094024e-16
soc,oxford_battery_degradation_1,Cell4,temperature_40c,>100%,12,,,0.0,0.0
soc,oxford_battery_degradation_1,Cell5,temperature_40c,0-25%,761,,,6.929775777883697e-17,3.3306690738754696e-16
soc,oxford_battery_degradation_1,Cell5,temperature_40c,25-50%,738,,,4.498058053698127e-17,2.220446049250313e-16
soc,oxford_battery_degradation_1,Cell5,temperature_40c,50-75%,737,,,5.96537744574711e-17,1.6653345369377348e-16
soc,oxford_battery_degradation_1,Cell5,temperature_40c,75-100%,720,,,4.3401561170921806e-17,1.942890293094024e-16
soc,oxford_battery_degradation_1,Cell5,temperature_40c,>100%,11,,,0.0,0.0
soc,oxford_battery_degradation_1,Cell6,temperature_40c,0-25%,750,,,7.179442225909345e-17,3.3306690738754696e-16
soc,oxford_battery_degradation_1,Cell6,temperature_40c,25-50%,728,,,5.063105002411428e-17,2.220446049250313e-16
soc,oxford_battery_degradation_1,Cell6,temperature_40c,50-75%,734,,,5.649431875987684e-17,1.6653345369377348e-16
soc,oxford_battery_degradation_1,Cell6,temperature_40c,75-100%,723,,,4.469904628834066e-17,1.942890293094024e-16
soc,oxford_battery_degradation_1,Cell6,temperature_40c,>100%,15,,,0.0,0.0
soc,oxford_battery_degradation_1,Cell7,temperature_40c,0-25%,1236,,,7.257768639944389e-17,3.3306690738754696e-16
soc,oxford_battery_degradation_1,Cell7,temperature_40c,25-50%,1193,,,5.0067056768510834e-17,2.220446049250313e-16
soc,oxford_battery_degradation_1,Cell7,temperature_40c,50-75%,1200,,,6.41616389647955e-17,1.6653345369377348e-16
soc,oxford_battery_degradation_1,Cell7,temperature_40c,75-100%,1196,,,4.6069500182659984e-17,1.942890293094024e-16
soc,oxford_battery_degradation_1,Cell7,temperature_40c,>100%,29,,,0.0,0.0
soc,oxford_battery_degradation_1,Cell8,temperature_40c,0-25%,1194,,,6.908674265464751e-17,3.3306690738754696e-16
soc,oxford_battery_degradation_1,Cell8,temperature_40c,25-50%,1162,,,5.168938522566349e-17,2.220446049250313e-16
soc,oxford_battery_degradation_1,Cell8,temperature_40c,50-75%,1159,,,6.255182356171072e-17,1.6653345369377348e-16
soc,oxford_battery_degradation_1,Cell8,temperature_40c,75-100%,1159,,,4.650764777122161e-17,1.942890293094024e-16
soc,oxford_battery_degradation_1,Cell8,temperature_40c,>100%,23,,,0.0,0.0
soe,calce_a123_dynamic_0c,A1-007-DST-US06-FUDS-0,ambient_0c,0-25%,4,,,2.7755575615628914e-17,1.1102230246251565e-16
soe,calce_a123_dynamic_0c,A1-007-DST-US06-FUDS-0,ambient_0c,25-50%,3,,,0.0,0.0
soe,calce_a123_dynamic_0c,A1-007-DST-US06-FUDS-0,ambient_0c,50-75%,4,,,5.551115123125783e-17,1.1102230246251565e-16
soe,calce_a123_dynamic_0c,A1-007-DST-US06-FUDS-0,ambient_0c,75-100%,21,,,4.380176776841438e-17,1.8995222061946038e-16
soe,calce_a123_dynamic_0c,A1-007-DST-US06-FUDS-0,ambient_0c,>100%,433,,,0.0,0.0
soe,calce_a123_dynamic_0c,A1-008-DST-US06-FUDS-0,ambient_0c,0-25%,4,,,0.0,0.0
soe,calce_a123_dynamic_0c,A1-008-DST-US06-FUDS-0,ambient_0c,25-50%,3,,,0.0,0.0
soe,calce_a123_dynamic_0c,A1-008-DST-US06-FUDS-0,ambient_0c,50-75%,5,,,5.551115123125783e-17,1.6653345369377348e-16
soe,calce_a123_dynamic_0c,A1-008-DST-US06-FUDS-0,ambient_0c,75-100%,20,,,5.2925329049879896e-17,2.914335439641036e-16
soe,calce_a123_dynamic_0c,A1-008-DST-US06-FUDS-0,ambient_0c,>100%,430,,,0.0,0.0
soe,calce_a123_dynamic_25c,A1-007-DST-US06-FUDS-25,ambient_25c,0-25%,4,,,0.0,0.0
soe,calce_a123_dynamic_25c,A1-007-DST-US06-FUDS-25,ambient_25c,25-50%,3,,,0.0,0.0
soe,calce_a123_dynamic_25c,A1-007-DST-US06-FUDS-25,ambient_25c,50-75%,4,,,5.551115123125783e-17,1.1102230246251565e-16
soe,calce_a123_dynamic_25c,A1-007-DST-US06-FUDS-25,ambient_25c,75-100%,6,,,7.806255641895632e-17,2.0990154059319366e-16
soe,calce_a123_dynamic_25c,A1-007-DST-US06-FUDS-25,ambient_25c,>100%,473,,,0.0,0.0
soe,calce_a123_dynamic_25c,A1-008-DST-US06-FUDS-25,ambient_25c,0-25%,4,,,0.0,0.0
soe,calce_a123_dynamic_25c,A1-008-DST-US06-FUDS-25,ambient_25c,25-50%,3,,,0.0,0.0
soe,calce_a123_dynamic_25c,A1-008-DST-US06-FUDS-25,ambient_25c,50-75%,4,,,2.7755575615628914e-17,5.551115123125783e-17
soe,calce_a123_dynamic_25c,A1-008-DST-US06-FUDS-25,ambient_25c,75-100%,4,,,4.683753385137379e-17,5.551115123125783e-17
soe,calce_a123_dynamic_25c,A1-008-DST-US06-FUDS-25,ambient_25c,>100%,488,,,0.0,0.0
soe,calce_a123_dynamic_50c,A1-007-DST-US06-FUDS-50,ambient_50c,0-25%,4,,,2.7755575615628914e-17,1.1102230246251565e-16
soe,calce_a123_dynamic_50c,A1-007-DST-US06-FUDS-50,ambient_50c,25-50%,3,,,0.0,0.0
soe,calce_a123_dynamic_50c,A1-007-DST-US06-FUDS-50,ambient_50c,50-75%,4,,,1.3877787807814457e-17,5.551115123125783e-17
soe,calce_a123_dynamic_50c,A1-007-DST-US06-FUDS-50,ambient_50c,75-100%,3,,,3.932039878880763e-17,5.551115123125783e-17
soe,calce_a123_dynamic_50c,A1-007-DST-US06-FUDS-50,ambient_50c,>100%,482,,,0.0,0.0
soe,calce_a123_dynamic_50c,A1-008-DST-US06-FUDS-50,ambient_50c,0-25%,4,,,2.7755575615628914e-17,1.1102230246251565e-16
soe,calce_a123_dynamic_50c,A1-008-DST-US06-FUDS-50,ambient_50c,25-50%,3,,,0.0,0.0
soe,calce_a123_dynamic_50c,A1-008-DST-US06-FUDS-50,ambient_50c,50-75%,4,,,2.7755575615628914e-17,5.551115123125783e-17
soe,calce_a123_dynamic_50c,A1-008-DST-US06-FUDS-50,ambient_50c,75-100%,3,,,2.7755575615628914e-17,5.551115123125783e-17
soe,calce_a123_dynamic_50c,A1-008-DST-US06-FUDS-50,ambient_50c,>100%,493,,,0.0,0.0
soe,calce_a123_dynamic_temperature,A1-007-DST-US06-FUDS-N10,ambient_-10c,0-25%,4,,,0.0,0.0
soe,calce_a123_dynamic_temperature,A1-007-DST-US06-FUDS-N10,ambient_-10c,25-50%,5,,,0.0,0.0
soe,calce_a123_dynamic_temperature,A1-007-DST-US06-FUDS-N10,ambient_-10c,50-75%,7,,,7.93016446160826e-18,5.551115123125783e-17
soe,calce_a123_dynamic_temperature,A1-007-DST-US06-FUDS-N10,ambient_-10c,75-100%,28,,,4.5056344568004747e-17,1.942890293094024e-16
soe,calce_a123_dynamic_temperature,A1-007-DST-US06-FUDS-N10,ambient_-10c,>100%,352,,,0.0,0.0
soe,calce_a123_dynamic_temperature,A1-008-DST-US06-FUDS-N10,ambient_-10c,0-25%,5,,,2.2204460492503132e-17,1.1102230246251565e-16
soe,calce_a123_dynamic_temperature,A1-008-DST-US06-FUDS-N10,ambient_-10c,25-50%,6,,,1.850371707708594e-17,1.1102230246251565e-16
soe,calce_a123_dynamic_temperature,A1-008-DST-US06-FUDS-N10,ambient_-10c,50-75%,9,,,1.850371707708594e-17,5.551115123125783e-17
soe,calce_a123_dynamic_temperature,A1-008-DST-US06-FUDS-N10,ambient_-10c,75-100%,25,,,5.2284565565940967e-17,1.942890293094024e-16
soe,calce_a123_dynamic_temperature,A1-008-DST-US06-FUDS-N10,ambient_-10c,>100%,220,,,0.0,0.0
soe,mit_stanford_fast_charge,b1c0,3.6C(80%)-3.6C,0-25%,4173,,,2.7482875256117583e-17,2.220446049250313e-16
soe,mit_stanford_fast_charge,b1c0,3.6C(80%)-3.6C,25-50%,1418,,,1.3466739085721222e-17,2.220446049250313e-16
soe,mit_stanford_fast_charge,b1c0,3.6C(80%)-3.6C,50-75%,1748,,,3.582184129797416e-17,2.7755575615628914e-16
soe,mit_stanford_fast_charge,b1c0,3.6C(80%)-3.6C,75-100%,5316,,,5.3912975011289356e-17,4.3021142204224816e-16
soe,mit_stanford_fast_charge,b1c0,3.6C(80%)-3.6C,>100%,1032,,,0.0,0.0
soe,mit_stanford_fast_charge,b1c1,3.6C(80%)-3.6C,0-25%,3850,,,4.20154531656845e-17,2.220446049250313e-16
soe,mit_stanford_fast_charge,b1c1,3.6C(80%)-3.6C,25-50%,1424,,,1.1616799906541316e-17,2.220446049250313e-16
soe,mit_stanford_fast_charge,b1c1,3.6C(80%)-3.6C,50-75%,1743,,,3.407741354988289e-17,2.7755575615628914e-16
soe,mit_stanford_fast_charge,b1c1,3.6C(80%)-3.6C,75-100%,5542,,,5.2289486634787554e-17,3.660266534311063e-16
soe,mit_stanford_fast_charge,b1c1,3.6C(80%)-3.6C,>100%,739,,,0.0,0.0
soe,mit_stanford_fast_charge,b1c10,5.4C(50%)-3C,0-25%,5310,,,3.562749593147395e-17,2.220446049250313e-16
soe,mit_stanford_fast_charge,b1c10,5.4C(50%)-3C,25-50%,1082,,,1.2518226340505462e-17,2.220446049250313e-16
soe,mit_stanford_fast_charge,b1c10,5.4C(50%)-3C,50-75%,1201,,,3.74388280577176e-17,2.7755575615628914e-16
soe,mit_stanford_fast_charge,b1c10,5.4C(50%)-3C,75-100%,4556,,,5.2361214598016425e-17,3.191891195797325e-16
soe,mit_stanford_fast_charge,b1c10,5.4C(50%)-3C,>100%,414,,,0.0,0.0
soe,mit_stanford_fast_charge,b1c11,5.4C(50%)-3C,0-25%,2117,,,5.343964393448439e-17,2.220446049250313e-16
soe,mit_stanford_fast_charge,b1c11,5.4C(50%)-3C,25-50%,897,,,1.2995921692936616e-17,2.220446049250313e-16
soe,mit_stanford_fast_charge,b1c11,5.4C(50%)-3C,50-75%,1082,,,3.437381823007647e-17,2.7755575615628914e-16
soe,mit_stanford_fast_charge,b1c11,5.4C(50%)-3C,75-100%,4122,,,5.355160893621087e-17,3.217912047936977e-16
soe,mit_stanford_fast_charge,b1c11,5.4C(50%)-3C,>100%,294,,,0.0,0.0
soe,mit_stanford_fast_charge,b1c12,5.4C(50%)-3.6C,0-25%,7578,,,4.738006415462861e-17,2.220446049250313e-16
soe,mit_stanford_fast_charge,b1c12,5.4C(50%)-3.6C,25-50%,975,,,1.3094938239168513e-17,2.220446049250313e-16
soe,mit_stanford_fast_charge,b1c12,5.4C(50%)-3.6C,50-75%,1102,,,3.8988775910157494e-17,2.7755575615628914e-16
soe,mit_stanford_fast_charge,b1c12,5.4C(50%)-3.6C,75-100%,4731,,,5.412884682052039e-17,3.7470027081099033e-16
soe,mit_stanford_fast_charge,b1c12,5.4C(50%)-3.6C,>100%,366,,,0.0,0.0
soe,mit_stanford_fast_charge,b1c13,5.4C(50%)-3.6C,0-25%,7431,,,4.910917887152321e-17,2.220446049250313e-16
soe,mit_stanford_fast_charge,b1c13,5.4C(50%)-3.6C,25-50%,948,,,1.2765222540521314e-17,2.220446049250313e-16
soe,mit_stanford_fast_charge,b1c13,5.4C(50%)-3.6C,50-75%,1093,,,3.8446424045802536e-17,2.220446049250313e-16
soe,mit_stanford_fast_charge,b1c13,5.4C(50%)-3.6C,75-100%,4772,,,5.19515165711891e-17,3.384879182499745e-16
soe,mit_stanford_fast_charge,b1c13,5.4C(50%)-3.6C,>100%,359,,,0.0,0.0
soe,mit_stanford_fast_charge,b1c14,5.4C(60%)-3C,0-25%,6631,,,4.2761417657859296e-17,2.220446049250313e-16
soe,mit_stanford_fast_charge,b1c14,5.4C(60%)-3C,25-50%,974,,,1.2424467113361607e-17,2.220446049250313e-16
soe,mit_stanford_fast_charge,b1c14,5.4C(60%)-3C,50-75%,1039,,,3.654439599824866e-17,2.7755575615628914e-16
soe,mit_stanford_fast_charge,b1c14,5.4C(60%)-3C,75-100%,4658,,,5.210978878033072e-17,3.122502256758253e-16
soe,mit_stanford_fast_charge,b1c14,5.4C(60%)-3C,>100%,342,,,0.0,0.0
soe,mit_stanford_fast_charge,b1c15,5.4C(60%)-3C,0-25%,5688,,,4.928468947219621e-17,2.220446049250313e-16
soe,mit_stanford_fast_charge,b1c15,5.4C(60%)-3C,25-50%,783,,,1.2902975126550351e-17,2.220446049250313e-16
soe,mit_stanford_fast_charge,b1c15,5.4C(60%)-3C,50-75%,851,,,3.7833687090634005e-17,2.7755575615628914e-16
soe,mit_stanford_fast_charge,b1c15,5.4C(60%)-3C,75-100%,3848,,,5.228124995144253e-17,3.469446951953614e-16
soe,mit_stanford_fast_charge,b1c15,5.4C(60%)-3C,>100%,284,,,0.0,0.0
soe,mit_stanford_fast_charge,b1c16,5.4C(60%)-3.6C,0-25%,2531,,,4.105763536345897e-17,2.220446049250313e-16
soe,mit_stanford_fast_charge,b1c16,5.4C(60%)-3.6C,25-50%,1062,,,1.327667835474528e-17,2.220446049250313e-16
soe,mit_stanford_fast_charge,b1c16,5.4C(60%)-3.6C,50-75%,1236,,,3.318991970865658e-17,2.7755575615628914e-16
soe,mit_stanford_fast_charge,b1c16,5.4C(60%)-3.6C,75-100%,4286,,,5.235778759413471e-17,3.9584221317445767e-16
soe,mit_stanford_fast_charge,b1c16,5.4C(60%)-3.6C,>100%,310,,,0.0,0.0
soe,mit_stanford_fast_charge,b1c17,5.4C(60%)-3.6C,0-25%,5407,,,3.817097471385548e-17,2.220446049250313e-16
soe,mit_stanford_fast_charge,b1c17,5.4C(60%)-3.6C,25-50%,978,,,1.1692532876931608e-17,2.220446049250313e-16
soe,mit_stanford_fast_charge,b1c17,5.4C(60%)-3.6C,50-75%,1062,,,3.737332686473573e-17,2.7755575615628914e-16
soe,mit_stanford_fast_charge,b1c17,5.4C(60%)-3.6C,75-100%,4486,,,5.26629272305085e-17,3.2189962501094627e-16
soe,mit_stanford_fast_charge,b1c17,5.4C(60%)-3.6C,>100%,300,,,0.0,0.0
soe,mit_stanford_fast_charge,b1c18,5.4C(70%)-3C,0-25%,3797,,,3.318680887409936e-17,2.220446049250313e-16
soe,mit_stanford_fast_charge,b1c18,5.4C(70%)-3C,25-50%,768,,,1.1709383462843448e-17,2.220446049250313e-16
soe,mit_stanford_fast_charge,b1c18,5.4C(70%)-3C,50-75%,880,,,3.532527805625498e-17,2.7755575615628914e-16
soe,mit_stanford_fast_charge,b1c18,5.4C(70%)-3C,75-100%,3587,,,5.323590502650117e-17,3.3219954564955856e-16
soe,mit_stanford_fast_charge,b1c18,5.4C(70%)-3C,>100%,263,,,0.0,0.0
soe,mit_stanford_fast_charge,b1c19,5.4C(70%)-3C,0-25%,5337,,,4.913522173814165e-17,2.220446049250313e-16
soe,mit_stanford_fast_charge,b1c19,5.4C(70%)-3C,25-50%,877,,,1.1140208228849918e-17,2.220446049250313e-16
soe,mit_stanford_fast_charge,b1c19,5.4C(70%)-3C,50-75%,1001,,,3.721077170446953e-17,2.7755575615628914e-16
soe,mit_stanford_fast_charge,b1c19,5.4C(70%)-3C,75-100%,4159,,,5.528236766275384e-17,3.885780586188048e-16
soe,mit_stanford_fast_charge,b1c19,5.4C(70%)-3C,>100%,270,,,0.0,0.0
soe,mit_stanford_fast_charge,b1c2,3.6C(80%)-3.6C,0-25%,5832,,,3.2134027187367354e-17,2.220446049250313e-16
soe,mit_stanford_fast_charge,b1c2,3.6C(80%)-3.6C,25-50%,1432,,,1.3335081022034003e-17,2.220446049250313e-16
soe,mit_stanford_fast_charge,b1c2,3.6C(80%)-3.6C,50-75%,1622,,,3.490836883839888e-17,2.7755575615628914e-16
soe,mit_stanford_fast_charge,b1c2,3.6C(80%)-3.6C,75-100%,5687,,,5.2577887652318965e-17,3.2612801348363973e-16
soe,mit_stanford_fast_charge,b1c2,3.6C(80%)-3.6C,>100%,727,,,0.0,0.0
soe,mit_stanford_fast_charge,b1c20,5.4C(80%)-5.4C,0-25%,4068,,,4.655950049190062e-17,2.220446049250313e-16
soe,mit_stanford_fast_charge,b1c20,5.4C(80%)-5.4C,25-50%,568,,,1.3291402407484268e-17,2.220446049250313e-16
soe,mit_stanford_fast_charge,b1c20,5.4C(80%)-5.4C,50-75%,640,,,3.564856743132339e-17,2.220446049250313e-16
soe,mit_stanford_fast_charge,b1c20,5.4C(80%)-5.4C,75-100%,2844,,,5.524821004576227e-17,3.209238430557093e-16
soe,mit_stanford_fast_charge,b1c20,5.4C(80%)-5.4C,>100%,122,,,0.0,0.0
soe,mit_stanford_fast_charge,b1c21,5.4C(80%)-5.4C,0-25%,3493,,,4.678638111217379e-17,2.220446049250313e-16
soe,mit_stanford_fast_charge,b1c21,5.4C(80%)-5.4C,25-50%,606,,,1.0625896935356284e-17,2.220446049250313e-16
soe,mit_stanford_fast_charge,b1c21,5.4C(80%)-5.4C,50-75%,682,,,3.630201385504544e-17,2.7755575615628914e-16
soe,mit_stanford_fast_charge,b1c21,5.4C(80%)-5.4C,75-100%,2980,,,5.3249827371973024e-17,3.213575239247035e-16
soe,mit_stanford_fast_charge,b1c21,5.4C(80%)-5.4C,>100%,143,,,0.0,0.0
soe,mit_stanford_fast_charge,b1c22,6C(30%)-3.6C,0-25%,7599,,,4.9060783217413813e-17,2.220446049250313e-16
soe,mit_stanford_fast_charge,b1c22,6C(30%)-3.6C,25-50%,1044,,,1.446267541657292e-17,2.220446049250313e-16
soe,mit_stanford_fast_charge,b1c22,6C(30%)-3.6C,50-75%,1154,,,3.7809154998066424e-17,2.7755575615628914e-16
soe,mit_stanford_fast_charge,b1c22,6C(30%)-3.6C,75-100%,4537,,,5.3824813001334314e-17,3.20273321752218e-16
soe,mit_stanford_fast_charge,b1c22,6C(30%)-3.6C,>100%,407,,,0.0,0.0
soe,mit_stanford_fast_charge,b1c23,6C(30%)-3.6C,0-25%,6906,,,4.90967436606607e-17,2.220446049250313e-16
soe,mit_stanford_fast_charge,b1c23,6C(30%)-3.6C,25-50%,1153,,,1.3191721975164479e-17,2.220446049250313e-16
soe,mit_stanford_fast_charge,b1c23,6C(30%)-3.6C,50-75%,1305,,,3.6582061347802093e-17,2.7755575615628914e-16
soe,mit_stanford_fast_charge,b1c23,6C(30%)-3.6C,75-100%,5173,,,5.155139124265697e-17,4.3021142204224816e-16
soe,mit_stanford_fast_charge,b1c23,6C(30%)-3.6C,>100%,443,,,0.0,0.0
soe,mit_stanford_fast_charge,b1c24,6C(40%)-3C,0-25%,9463,,,3.459841170474043e-17,2.220446049250313e-16
soe,mit_stanford_fast_charge,b1c24,6C(40%)-3C,25-50%,1135,,,1.3009661874462186e-17,2.220446049250313e-16
soe,mit_stanford_fast_charge,b1c24,6C(40%)-3C,50-75%,1211,,,3.520442951742858e-17,2.7755575615628914e-16
soe,mit_stanford_fast_charge,b1c24,6C(40%)-3C,75-100%,5182,,,5.19201378066847e-17,3.226585665316861e-16
soe,mit_stanford_fast_charge,b1c24,6C(40%)-3C,>100%,462,,,0.0,0.0
soe,mit_stanford_fast_charge,b1c25,6C(40%)-3C,0-25%,9196,,,4.88227698084399e-17,2.220446049250313e-16
soe,mit_stanford_fast_charge,b1c25,6C(40%)-3C,25-50%,961,,,1.340123526082395e-17,2.220446049250313e-16
soe,mit_stanford_fast_charge,b1c25,6C(40%)-3C,50-75%,994,,,3.646758727767743e-17,2.220446049250313e-16
soe,mit_stanford_fast_charge,b1c25,6C(40%)-3C,75-100%,4601,,,5.328279845621809e-17,3.608224830031759e-16
soe,mit_stanford_fast_charge,b1c25,6C(40%)-3C,>100%,288,,,0.0,0.0
soe,mit_stanford_fast_charge,b1c26,6C(40%)-3.6C,0-25%,2848,,,4.1282520473245815e-17,2.220446049250313e-16
soe,mit_stanford_fast_charge,b1c26,6C(40%)-3.6C,25-50%,1060,,,1.2359086500544196e-17,2.220446049250313e-16
soe,mit_stanford_fast_charge,b1c26,6C(40%)-3.6C,50-75%,1220,,,3.585474358215669e-17,2.7755575615628914e-16
soe,mit_stanford_fast_charge,b1c26,6C(40%)-3.6C,75-100%,4407,,,5.333978015675259e-17,4.2327252813834093e-16
soe,mit_stanford_fast_charge,b1c26,6C(40%)-3.6C,>100%,338,,,0.0,0.0
soe,mit_stanford_fast_charge,b1c27,6C(40%)-3.6C,0-25%,3544,,,4.9277111109914536e-17,2.220446049250313e-16
soe,mit_stanford_fast_charge,b1c27,6C(40%)-3.6C,25-50%,986,,,1.463782892507813e-17,2.220446049250313e-16
soe,mit_stanford_fast_charge,b1c27,6C(40%)-3.6C,50-75%,1117,,,3.483734737073566e-17,2.7755575615628914e-16
soe,mit_stanford_fast_charge,b1c27,6C(40%)-3.6C,75-100%,4359,,,5.434733068218494e-17,4.163336342344337e-16
soe,mit_stanford_fast_charge,b1c27,6C(40%)-3.6C,>100%,306,,,0.0,0.0
soe,mit_stanford_fast_charge,b1c28,6C(50%)-3C,0-25%,8835,,,4.7336843619275207e-17,2.220446049250313e-16
soe,mit_stanford_fast_charge,b1c28,6C(50%)-3C,25-50%,1000,,,1.1102230246251566e-17,2.220446049250313e-16
soe,mit_stanford_fast_charge,b1c28,6C(50%)-3C,50-75%,986,,,3.642567428663673e-17,2.7755575615628914e-16
soe,mit_stanford_fast_charge,b1c28,6C(50%)-3C,75-100%,4592,,,5.2994654769954595e-17,3.191891195797325e-16
soe,mit_stanford_fast_charge,b1c28,6C(50%)-3C,>100%,311,,,0.0,0.0
soe,mit_stanford_fast_charge,b1c29,6C(50%)-3C,0-25%,7415,,,5.0233287223430887e-17,2.220446049250313e-16
soe,mit_stanford_fast_charge,b1c29,6C(50%)-3C,25-50%,1069,,,1.2878171660759533e-17,2.220446049250313e-16
soe,mit_stanford_fast_charge,b1c29,6C(50%)-3C,50-75%,1095,,,3.7210214615290634e-17,2.7755575615628914e-16
soe,mit_stanford_fast_charge,b1c29,6C(50%)-3C,75-100%,4751,,,5.4297644514131356e-17,3.3306690738754696e-16
soe,mit_stanford_fast_charge,b1c29,6C(50%)-3C,>100%,330,,,0.0,0.0
soe,mit_stanford_fast_charge,b1c3,4C(80%)-4C,0-25%,5605,,,3.977391317479597e-17,2.220446049250313e-16
soe,mit_stanford_fast_charge,b1c3,4C(80%)-4C,25-50%,1440,,,1.3800688986659932e-17,2.220446049250313e-16
soe,mit_stanford_fast_charge,b1c3,4C(80%)-4C,50-75%,1659,,,3.402943990487596e-17,2.7755575615628914e-16
soe,mit_stanford_fast_charge,b1c3,4C(80%)-4C,75-100%,5920,,,5.2097027549470654e-17,3.213575239247035e-16
soe,mit_stanford_fast_charge,b1c3,4C(80%)-4C,>100%,726,,,0.0,0.0
soe,mit_stanford_fast_charge,b1c30,6C(50%)-3.6C,0-25%,6085,,,4.962706042695852e-17,2.220446049250313e-16
soe,mit_stanford_fast_charge,b1c30,6C(50%)-3.6C,25-50%,784,,,1.416100796715761e-17,2.220446049250313e-16
soe,mit_stanford_fast_charge,b1c30,6C(50%)-3.6C,50-75%,906,,,3.4740422459297116e-17,2.220446049250313e-16
soe,mit_stanford_fast_charge,b1c30,6C(50%)-3.6C,75-100%,3792,,,5.285601209077145e-17,3.191891195797325e-16
soe,mit_stanford_fast_charge,b1c30,6C(50%)-3.6C,>100%,249,,,0.0,0.0
soe,mit_stanford_fast_charge,b1c31,6C(50%)-3.6C,0-25%,6178,,,4.6597738796585154e-17,2.220446049250313e-16
soe,mit_stanford_fast_charge,b1c31,6C(50%)-3.6C,25-50%,997,,,1.3362764589269687e-17,2.220446049250313e-16
soe,mit_stanford_fast_charge,b1c31,6C(50%)-3.6C,50-75%,1120,,,3.7470027081099036e-17,2.7755575615628914e-16
soe,mit_stanford_fast_charge,b1c31,6C(50%)-3.6C,75-100%,4548,,,5.15801096890988e-17,3.1647861414851874e-16
soe,mit_stanford_fast_charge,b1c31,6C(50%)-3.6C,>100%,320,,,0.0,0.0
soe,mit_stanford_fast_charge,b1c32,6C(60%)-3C,0-25%,6392,,,4.946675804337368e-17,2.220446049250313e-16
soe,mit_stanford_fast_charge,b1c32,6C(60%)-3C,25-50%,791,,,1.2491763488197083e-17,2.220446049250313e-16
soe,mit_stanford_fast_charge,b1c32,6C(60%)-3C,50-75%,857,,,3.66619738586837e-17,2.7755575615628914e-16
soe,mit_stanford_fast_charge,b1c32,6C(60%)-3C,75-100%,3961,,,5.4699395784199333e-17,3.3306690738754696e-16
soe,mit_stanford_fast_charge,b1c32,6C(60%)-3C,>100%,248,,,0.0,0.0
soe,mit_stanford_fast_charge,b1c33,6C(60%)-3C,0-25%,5637,,,4.919881347372079e-17,2.220446049250313e-16
soe,mit_stanford_fast_charge,b1c33,6C(60%)-3C,25-50%,850,,,1.084100129928094e-17,2.220446049250313e-16
soe,mit_stanford_fast_charge,b1c33,6C(60%)-3C,50-75%,895,,,3.721417959637396e-17,2.7755575615628914e-16
soe,mit_stanford_fast_charge,b1c33,6C(60%)-3C,75-100%,4093,,,5.3396169769567494e-17,3.7470027081099033e-16
soe,mit_stanford_fast_charge,b1c33,6C(60%)-3C,>100%,248,,,0.0,0.0
soe,mit_stanford_fast_charge,b1c34,7C(30%)-3.6C,0-25%,5885,,,5.016283810498371e-17,2.220446049250313e-16
soe,mit_stanford_fast_charge,b1c34,7C(30%)-3.6C,25-50%,842,,,1.3053691144642577e-17,2.220446049250313e-16
soe,mit_stanford_fast_charge,b1c34,7C(30%)-3.6C,50-75%,901,,,3.6843139218970234e-17,2.220446049250313e-16
soe,mit_stanford_fast_charge,b1c34,7C(30%)-3.6C,75-100%,3841,,,5.2618925587654186e-17,4.0722633598555547e-16
soe,mit_stanford_fast_charge,b1c34,7C(30%)-3.6C,>100%,302,,,0.0,0.0
soe,mit_stanford_fast_charge,b1c35,7C(30%)-3.6C,0-25%,6562,,,4.4987549870135495e-17,2.220446049250313e-16
soe,mit_stanford_fast_charge,b1c35,7C(30%)-3.6C,25-50%,765,,,1.712500874585209e-17,2.220446049250313e-16
soe,mit_stanford_fast_charge,b1c35,7C(30%)-3.6C,50-75%,859,,,3.651199120565852e-17,2.7755575615628914e-16
soe,mit_stanford_fast_charge,b1c35,7C(30%)-3.6C,75-100%,3817,,,5.2918929945640914e-17,3.642919299551295e-16
soe,mit_stanford_fast_charge,b1c35,7C(30%)-3.6C,>100%,231,,,0.0,0.0
soe,mit_stanford_fast_charge,b1c36,7C(40%)-3C,0-25%,3555,,,4.612656560819567e-17,2.220446049250313e-16
soe,mit_stanford_fast_charge,b1c36,7C(40%)-3C,25-50%,834,,,1.211394427348792e-17,2.220446049250313e-16
soe,mit_stanford_fast_charge,b1c36,7C(40%)-3C,50-75%,916,,,3.4724770366278094e-17,3.3306690738754696e-16
soe,mit_stanford_fast_charge,b1c36,7C(40%)-3C,75-100%,3691,,,5.2634819307448706e-17,3.191891195797325e-16
soe,mit_stanford_fast_charge,b1c36,7C(40%)-3C,>100%,234,,,0.0,0.0
soe,mit_stanford_fast_charge,b1c37,7C(40%)-3C,0-25%,5856,,,4.644887995784893e-17,2.220446049250313e-16
soe,mit_stanford_fast_charge,b1c37,7C(40%)-3C,25-50%,692,,,1.1872327141945316e-17,2.220446049250313e-16
soe,mit_stanford_fast_charge,b1c37,7C(40%)-3C,50-75%,793,,,3.8990808620189926e-17,2.220446049250313e-16
soe,mit_stanford_fast_charge,b1c37,7C(40%)-3C,75-100%,3502,,,5.354365478100621e-17,3.436920886779049e-16
soe,mit_stanford_fast_charge,b1c37,7C(40%)-3C,>100%,224,,,0.0,0.0
soe,mit_stanford_fast_charge,b1c38,7C(40%)-3.6C,0-25%,5281,,,2.596336745714956e-17,2.220446049250313e-16
soe,mit_stanford_fast_charge,b1c38,7C(40%)-3.6C,25-50%,686,,,1.1490646464779317e-17,2.220446049250313e-16
soe,mit_stanford_fast_charge,b1c38,7C(40%)-3.6C,50-75%,717,,,3.7626805437086895e-17,2.7755575615628914e-16
soe,mit_stanford_fast_charge,b1c38,7C(40%)-3.6C,75-100%,3369,,,5.3720705105780913e-17,4.128641872824801e-16
soe,mit_stanford_fast_charge,b1c38,7C(40%)-3.6C,>100%,182,,,0.0,0.0
soe,mit_stanford_fast_charge,b1c39,7C(40%)-3.6C,0-25%,3694,,,4.4060285709271236e-17,2.220446049250313e-16
soe,mit_stanford_fast_charge,b1c39,7C(40%)-3.6C,25-50%,715,,,1.3043179590001839e-17,2.220446049250313e-16
soe,mit_stanford_fast_charge,b1c39,7C(40%)-3.6C,50-75%,778,,,3.703121785221441e-17,2.220446049250313e-16
soe,mit_stanford_fast_charge,b1c39,7C(40%)-3.6C,75-100%,3331,,,5.3463553975023404e-17,3.885780586188048e-16
soe,mit_stanford_fast_charge,b1c39,7C(40%)-3.6C,>100%,181,,,0.0,0.0
soe,mit_stanford_fast_charge,b1c4,4C(80%)-4C,0-25%,7762,,,4.379673926052859e-17,2.220446049250313e-16
soe,mit_stanford_fast_charge,b1c4,4C(80%)-4C,25-50%,1392,,,1.3239728598259768e-17,2.220446049250313e-16
soe,mit_stanford_fast_charge,b1c4,4C(80%)-4C,50-75%,1565,,,3.603791032010093e-17,2.7755575615628914e-16
soe,mit_stanford_fast_charge,b1c4,4C(80%)-4C,75-100%,5840,,,5.1727792708732665e-17,4.257119830264333e-16
soe,mit_stanford_fast_charge,b1c4,4C(80%)-4C,>100%,776,,,0.0,0.0
soe,mit_stanford_fast_charge,b1c40,8C(15%)-3.6C,0-25%,9688,,,4.9139516201410725e-17,2.220446049250313e-16
soe,mit_stanford_fast_charge,b1c40,8C(15%)-3.6C,25-50%,1083,,,1.1379017149897727e-17,2.220446049250313e-16
soe,mit_stanford_fast_charge,b1c40,8C(15%)-3.6C,50-75%,1202,,,3.6484034503072946e-17,2.7755575615628914e-16
soe,mit_stanford_fast_charge,b1c40,8C(15%)-3.6C,75-100%,5127,,,5.268071340221612e-17,3.191891195797325e-16
soe,mit_stanford_fast_charge,b1c40,8C(15%)-3.6C,>100%,390,,,0.0,0.0
soe,mit_stanford_fast_charge,b1c41,8C(15%)-3.6C,0-25%,9269,,,4.514435839693834e-17,2.220446049250313e-16
soe,mit_stanford_fast_charge,b1c41,8C(15%)-3.6C,25-50%,1183,,,1.295103781895787e-17,2.220446049250313e-16
soe,mit_stanford_fast_charge,b1c41,8C(15%)-3.6C,50-75%,1261,,,3.697808646650006e-17,2.7755575615628914e-16
soe,mit_stanford_fast_charge,b1c41,8C(15%)-3.6C,75-100%,5296,,,5.1231542815390166e-17,3.3133218391157016e-16
soe,mit_stanford_fast_charge,b1c41,8C(15%)-3.6C,>100%,518,,,0.0,0.0
soe,mit_stanford_fast_charge,b1c42,8C(25%)-3.6C,0-25%,5406,,,4.066299646240862e-17,2.220446049250313e-16
soe,mit_stanford_fast_charge,b1c42,8C(25%)-3.6C,25-50%,781,,,1.3220325389262428e-17,2.220446049250313e-16
soe,mit_stanford_fast_charge,b1c42,8C(25%)-3.6C,50-75%,870,,,3.643318086557267e-17,2.7755575615628914e-16
soe,mit_stanford_fast_charge,b1c42,8C(25%)-3.6C,75-100%,3773,,,5.5001748804658193e-17,4.0245584642661925e-16
soe,mit_stanford_fast_charge,b1c42,8C(25%)-3.6C,>100%,199,,,0.0,0.0
soe,mit_stanford_fast_charge,b1c43,8C(25%)-3.6C,0-25%,5389,,,3.883411396211579e-17,2.220446049250313e-16
soe,mit_stanford_fast_charge,b1c43,8C(25%)-3.6C,25-50%,727,,,1.160618292593011e-17,2.220446049250313e-16
soe,mit_stanford_fast_charge,b1c43,8C(25%)-3.6C,50-75%,765,,,3.664461617226824e-17,2.7755575615628914e-16
soe,mit_stanford_fast_charge,b1c43,8C(25%)-3.6C,75-100%,3526,,,5.3433157563961013e-17,3.4911309954033243e-16
soe,mit_stanford_fast_charge,b1c43,8C(25%)-3.6C,>100%,201,,,0.0,0.0
soe,mit_stanford_fast_charge,b1c44,8C(35%)-3.6C,0-25%,4844,,,4.90707575500095e-17,2.220446049250313e-16
soe,mit_stanford_fast_charge,b1c44,8C(35%)-3.6C,25-50%,689,,,1.0957208370756262e-17,2.220446049250313e-16
soe,mit_stanford_fast_charge,b1c44,8C(35%)-3.6C,50-75%,783,,,3.665295681553039e-17,2.7755575615628914e-16
soe,mit_stanford_fast_charge,b1c44,8C(35%)-3.6C,75-100%,3356,,,5.255549592048835e-17,3.3306690738754696e-16
soe,mit_stanford_fast_charge,b1c44,8C(35%)-3.6C,>100%,154,,,0.0,0.0
soe,mit_stanford_fast_charge,b1c45,8C(35%)-3.6C,0-25%,3373,,,4.864837326996684e-17,2.220446049250313e-16
soe,mit_stanford_fast_charge,b1c45,8C(35%)-3.6C,25-50%,683,,,1.1378566870243186e-17,2.220446049250313e-16
soe,mit_stanford_fast_charge,b1c45,8C(35%)-3.6C,50-75%,792,,,3.672707480451907e-17,2.7755575615628914e-16
soe,mit_stanford_fast_charge,b1c45,8C(35%)-3.6C,75-100%,3205,,,5.475127255643655e-17,3.191891195797325e-16
soe,mit_stanford_fast_charge,b1c45,8C(35%)-3.6C,>100%,139,,,0.0,0.0
soe,mit_stanford_fast_charge,b1c5,4.4C(80%)-4.4C,0-25%,4932,,,3.5971946337206006e-17,2.220446049250313e-16
soe,mit_stanford_fast_charge,b1c5,4.4C(80%)-4.4C,25-50%,1219,,,1.3388251404421494e-17,2.220446049250313e-16
soe,mit_stanford_fast_charge,b1c5,4.4C(80%)-4.4C,50-75%,1378,,,3.480525011887283e-17,3.885780586188048e-16
soe,mit_stanford_fast_charge,b1c5,4.4C(80%)-4.4C,75-100%,5313,,,5.1999904167887484e-17,3.3350058825654116e-16
soe,mit_stanford_fast_charge,b1c5,4.4C(80%)-4.4C,>100%,574,,,0.0,0.0
soe,mit_stanford_fast_charge,b1c6,4.8C(80%)-4.8C,0-25%,5151,,,5.097413032883897e-17,2.220446049250313e-16
soe,mit_stanford_fast_charge,b1c6,4.8C(80%)-4.8C,25-50%,685,,,1.458687185638892e-17,2.220446049250313e-16
soe,mit_stanford_fast_charge,b1c6,4.8C(80%)-4.8C,50-75%,744,,,3.87981164519544e-17,2.7755575615628914e-16
soe,mit_stanford_fast_charge,b1c6,4.8C(80%)-4.8C,75-100%,3410,,,5.4350808000320165e-17,3.608224830031759e-16
soe,mit_stanford_fast_charge,b1c6,4.8C(80%)-4.8C,>100%,214,,,0.0,0.0
soe,mit_stanford_fast_charge,b1c7,4.8C(80%)-4.8C,0-25%,6048,,,3.7613210606100295e-17,2.220446049250313e-16
soe,mit_stanford_fast_charge,b1c7,4.8C(80%)-4.8C,25-50%,997,,,1.2471913616651709e-17,2.220446049250313e-16
soe,mit_stanford_fast_charge,b1c7,4.8C(80%)-4.8C,50-75%,1067,,,3.6729965107092806e-17,2.220446049250313e-16
soe,mit_stanford_fast_charge,b1c7,4.8C(80%)-4.8C,75-100%,4589,,,5.295189720084992e-17,3.191891195797325e-16
soe,mit_stanford_fast_charge,b1c7,4.8C(80%)-4.8C,>100%,323,,,0.0,0.0
soe,mit_stanford_fast_charge,b1c8,5.4C(40%)-3.6C,0-25%,7342,,,5.041519428085361e-17,2.220446049250313e-16
soe,mit_stanford_fast_charge,b1c8,5.4C(40%)-3.6C,25-50%,1034,,,1.2777228233113504e-17,2.220446049250313e-16
soe,mit_stanford_fast_charge,b1c8,5.4C(40%)-3.6C,50-75%,1080,,,3.520846166056631e-17,2.7755575615628914e-16
soe,mit_stanford_fast_charge,b1c8,5.4C(40%)-3.6C,75-100%,4533,,,5.3210954314958724e-17,4.2500725161431774e-16
soe,mit_stanford_fast_charge,b1c8,5.4C(40%)-3.6C,>100%,395,,,0.0,0.0
soe,mit_stanford_fast_charge,b1c9,5.4C(40%)-3.6C,0-25%,10557,,,4.657741570583327e-17,2.220446049250313e-16
soe,mit_stanford_fast_charge,b1c9,5.4C(40%)-3.6C,25-50%,1168,,,1.3117361078619144e-17,2.220446049250313e-16
soe,mit_stanford_fast_charge,b1c9,5.4C(40%)-3.6C,50-75%,1181,,,3.66627417107376e-17,2.7755575615628914e-16
soe,mit_stanford_fast_charge,b1c9,5.4C(40%)-3.6C,75-100%,5309,,,5.3445249200713826e-17,3.3306690738754696e-16
soe,mit_stanford_fast_charge,b1c9,5.4C(40%)-3.6C,>100%,593,,,0.0,0.0
soe,oxford_battery_degradation_1,Cell1,temperature_0c,0-25%,16,,,2.0816681711721685e-17,2.220446049250313e-16
soe,oxford_battery_degradation_1,Cell1,temperature_0c,25-50%,16,,,6.938893903907228e-18,1.1102230246251565e-16
soe,oxford_battery_degradation_1,Cell1,temperature_0c,50-75%,17,,,2.6122894697062506e-17,1.1102230246251565e-16
soe,oxford_battery_degradation_1,Cell1,temperature_0c,75-100%,18,,,5.728201477965082e-17,1.249000902703301e-16
soe,oxford_battery_degradation_1,Cell1,temperature_40c,0-25%,1133,,,2.822102657476126e-17,2.220446049250313e-16
soe,oxford_battery_degradation_1,Cell1,temperature_40c,25-50%,1145,,,1.1441599729761438e-17,2.220446049250313e-16
soe,oxford_battery_degradation_1,Cell1,temperature_40c,50-75%,1181,,,4.3948286537871354e-17,2.220446049250313e-16
soe,oxford_battery_degradation_1,Cell1,temperature_40c,75-100%,1285,,,6.339948139947916e-17,3.608224830031759e-16
soe,oxford_battery_degradation_1,Cell1,temperature_40c,>100%,5,,,0.0,0.0
soe,oxford_battery_degradation_1,Cell2,temperature_40c,0-25%,1067,,,2.6949181197555345e-17,2.220446049250313e-16
soe,oxford_battery_degradation_1,Cell2,temperature_40c,25-50%,1078,,,8.239131908164427e-18,2.220446049250313e-16
soe,oxford_battery_degradation_1,Cell2,temperature_40c,50-75%,1114,,,3.707387478999625e-17,1.6653345369377348e-16
soe,oxford_battery_degradation_1,Cell2,temperature_40c,75-100%,1196,,,5.501981546412811e-17,3.0531133177191805e-16
soe,oxford_battery_degradation_1,Cell2,temperature_40c,>100%,19,,,0.0,0.0
soe,oxford_battery_degradation_1,Cell3,temperature_40c,0-25%,1129,,,2.8124338799184655e-17,2.220446049250313e-16
soe,oxford_battery_degradation_1,Cell3,temperature_40c,25-50%,1139,,,8.090299477075328e-18,2.220446049250313e-16
soe,oxford_battery_degradation_1,Cell3,temperature_40c,50-75%,1175,,,4.1385334875388815e-17,2.220446049250313e-16
soe,oxford_battery_degradation_1,Cell3,temperature_40c,75-100%,1286,,,5.601792722338928e-17,2.983724378680108e-16
soe,oxford_battery_degradation_1,Cell3,temperature_40c,>100%,1,,,0.0,0.0
soe,oxford_battery_degradation_1,Cell4,temperature_40c,0-25%,711,,,3.013685566141423e-17,2.220446049250313e-16
soe,oxford_battery_degradation_1,Cell4,temperature_40c,25-50%,718,,,1.0823901354284256e-17,2.220446049250313e-16
soe,oxford_battery_degradation_1,Cell4,temperature_40c,50-75%,740,,,4.1858408631137656e-17,2.7755575615628914e-16
soe,oxford_battery_degradation_1,Cell4,temperature_40c,75-100%,805,,,5.918562014061095e-17,3.885780586188048e-16
soe,oxford_battery_degradation_1,Cell5,temperature_40c,0-25%,709,,,2.865596805449981e-17,2.220446049250313e-16
soe,oxford_battery_degradation_1,Cell5,temperature_40c,25-50%,723,,,1.4741550534441913e-17,2.220446049250313e-16
soe,oxford_battery_degradation_1,Cell5,temperature_40c,50-75%,744,,,4.4319386870117134e-17,2.7755575615628914e-16
soe,oxford_battery_degradation_1,Cell5,temperature_40c,75-100%,791,,,5.859523352986846e-17,4.163336342344337e-16
soe,oxford_battery_degradation_1,Cell6,temperature_40c,0-25%,704,,,2.2709107321878203e-17,2.220446049250313e-16
soe,oxford_battery_degradation_1,Cell6,temperature_40c,25-50%,713,,,9.031267240990053e-18,2.220446049250313e-16
soe,oxford_battery_degradation_1,Cell6,temperature_40c,50-75%,736,,,3.6202924716037714e-17,1.6653345369377348e-16
soe,oxford_battery_degradation_1,Cell6,temperature_40c,75-100%,797,,,5.3447562165320707e-17,3.191891195797325e-16
soe,oxford_battery_degradation_1,Cell7,temperature_40c,0-25%,1154,,,2.6937820354856485e-17,2.220446049250313e-16
soe,oxford_battery_degradation_1,Cell7,temperature_40c,25-50%,1171,,,8.817313517518322e-18,2.220446049250313e-16
soe,oxford_battery_degradation_1,Cell7,temperature_40c,50-75%,1208,,,3.974929289324339e-17,2.7755575615628914e-16
soe,oxford_battery_degradation_1,Cell7,temperature_40c,75-100%,1318,,,5.46147101709649e-17,3.191891195797325e-16
soe,oxford_battery_degradation_1,Cell7,temperature_40c,>100%,3,,,0.0,0.0
soe,oxford_battery_degradation_1,Cell8,temperature_40c,0-25%,1120,,,2.676430505792788e-17,2.220446049250313e-16
soe,oxford_battery_degradation_1,Cell8,temperature_40c,25-50%,1131,,,9.619969620978368e-18,2.220446049250313e-16
soe,oxford_battery_degradation_1,Cell8,temperature_40c,50-75%,1169,,,3.936590621960029e-17,2.220446049250313e-16
soe,oxford_battery_degradation_1,Cell8,temperature_40c,75-100%,1276,,,5.746388346303829e-17,3.209238430557093e-16
soe,oxford_battery_degradation_1,Cell8,temperature_40c,>100%,1,,,0.0,0.0
